<datapower-configuration version="3"><export-details><description>Exported Configuration</description><user>admin</user><domain>Sudheer</domain><comment/><product-id>5725</product-id><product>IDG</product><display-product>IDG</display-product><model>IBM DataPower Gateway</model><display-model>IBM DataPower Gateway</display-model><device-name>IBM DataPower Gateway</device-name><serial-number>0000000</serial-number><firmware-version>IDG.7.5.0.0</firmware-version><display-firmware-version>IDG.7.5.0.0</display-firmware-version><firmware-build>274960</firmware-build><firmware-timestamp>2016/03/11 15:09:45</firmware-timestamp><current-date>2019-09-24</current-date><current-time>01:01:38 EDT</current-time><reset-date>2019-09-23</reset-date><reset-time>01:38:39 EDT</reset-time><login-message/><custom-ui-file/></export-details><interface-data><interface name="eth0" type="Ethernet" vers="ipv4" ip-addr="172.17.13.77"/><interface name="eth1" type="Ethernet" vers="ipv4" ip-addr="172.17.13.105"/><interface name="eth2" type="Ethernet" vers="ipv4" ip-addr="172.17.13.109"/><interface name="eth3" type="Ethernet" vers="ipv4" ip-addr="172.17.13.151"/></interface-data><configuration domain="Sudheer"><CryptoKey name="Https" xmlns:env="http://www.w3.org/2003/05/soap-envelope" xmlns:dp="http://www.datapower.com/schemas/management">
<mAdminState>enabled</mAdminState>
<Filename>cert:///Https-privkey.pem</Filename>
<PasswordAlias>off</PasswordAlias></CryptoKey><CryptoCertificate name="Https" xmlns:env="http://www.w3.org/2003/05/soap-envelope" xmlns:dp="http://www.datapower.com/schemas/management">
<mAdminState>enabled</mAdminState>
<Filename>cert:///Https-sscert.pem</Filename>
<PasswordAlias>off</PasswordAlias>
<IgnoreExpiration>off</IgnoreExpiration></CryptoCertificate><CryptoIdentCred name="ID" xmlns:env="http://www.w3.org/2003/05/soap-envelope" xmlns:dp="http://www.datapower.com/schemas/management">
<mAdminState>enabled</mAdminState>
<Key class="CryptoKey">Https</Key>
<Certificate class="CryptoCertificate">Https</Certificate></CryptoIdentCred><SSLServerProfile name="SSL_Server" xmlns:env="http://www.w3.org/2003/05/soap-envelope" xmlns:dp="http://www.datapower.com/schemas/management">
<mAdminState>enabled</mAdminState>
<Protocols>
<SSLv3>off</SSLv3>
<TLSv1d0>on</TLSv1d0>
<TLSv1d1>on</TLSv1d1>
<TLSv1d2>on</TLSv1d2></Protocols>
<Ciphers>ECDHE_ECDSA_WITH_AES_256_GCM_SHA384</Ciphers>
<Ciphers>ECDHE_RSA_WITH_AES_256_GCM_SHA384</Ciphers>
<Ciphers>ECDHE_ECDSA_WITH_AES_256_CBC_SHA384</Ciphers>
<Ciphers>ECDHE_RSA_WITH_AES_256_CBC_SHA384</Ciphers>
<Ciphers>ECDHE_ECDSA_WITH_AES_256_CBC_SHA</Ciphers>
<Ciphers>ECDHE_RSA_WITH_AES_256_CBC_SHA</Ciphers>
<Ciphers>DHE_DSS_WITH_AES_256_GCM_SHA384</Ciphers>
<Ciphers>DHE_RSA_WITH_AES_256_GCM_SHA384</Ciphers>
<Ciphers>DHE_RSA_WITH_AES_256_CBC_SHA256</Ciphers>
<Ciphers>DHE_DSS_WITH_AES_256_CBC_SHA256</Ciphers>
<Ciphers>DHE_RSA_WITH_AES_256_CBC_SHA</Ciphers>
<Ciphers>DHE_DSS_WITH_AES_256_CBC_SHA</Ciphers>
<Ciphers>RSA_WITH_AES_256_GCM_SHA384</Ciphers>
<Ciphers>RSA_WITH_AES_256_CBC_SHA256</Ciphers>
<Ciphers>RSA_WITH_AES_256_CBC_SHA</Ciphers>
<Ciphers>ECDHE_ECDSA_WITH_AES_128_GCM_SHA256</Ciphers>
<Ciphers>ECDHE_RSA_WITH_AES_128_GCM_SHA256</Ciphers>
<Ciphers>ECDHE_ECDSA_WITH_AES_128_CBC_SHA256</Ciphers>
<Ciphers>ECDHE_RSA_WITH_AES_128_CBC_SHA256</Ciphers>
<Ciphers>ECDHE_ECDSA_WITH_AES_128_CBC_SHA</Ciphers>
<Ciphers>ECDHE_RSA_WITH_AES_128_CBC_SHA</Ciphers>
<Ciphers>DHE_DSS_WITH_AES_128_GCM_SHA256</Ciphers>
<Ciphers>DHE_RSA_WITH_AES_128_GCM_SHA256</Ciphers>
<Ciphers>DHE_RSA_WITH_AES_128_CBC_SHA256</Ciphers>
<Ciphers>DHE_DSS_WITH_AES_128_CBC_SHA256</Ciphers>
<Ciphers>DHE_RSA_WITH_AES_128_CBC_SHA</Ciphers>
<Ciphers>DHE_DSS_WITH_AES_128_CBC_SHA</Ciphers>
<Ciphers>RSA_WITH_AES_128_GCM_SHA256</Ciphers>
<Ciphers>RSA_WITH_AES_128_CBC_SHA256</Ciphers>
<Ciphers>RSA_WITH_AES_128_CBC_SHA</Ciphers>
<Ciphers>ECDHE_ECDSA_WITH_3DES_EDE_CBC_SHA</Ciphers>
<Ciphers>ECDHE_RSA_WITH_3DES_EDE_CBC_SHA</Ciphers>
<Ciphers>DHE_RSA_WITH_3DES_EDE_CBC_SHA</Ciphers>
<Ciphers>DHE_DSS_WITH_3DES_EDE_CBC_SHA</Ciphers>
<Ciphers>RSA_WITH_3DES_EDE_CBC_SHA</Ciphers>
<Idcred class="CryptoIdentCred">ID</Idcred>
<RequestClientAuth>off</RequestClientAuth>
<RequireClientAuth>on</RequireClientAuth>
<ValidateClientCert>on</ValidateClientCert>
<SendClientAuthCAList>on</SendClientAuthCAList>
<Caching>on</Caching>
<CacheTimeout>300</CacheTimeout>
<CacheSize>20</CacheSize>
<SSLOptions>
<max-duration>off</max-duration>
<max-renegotiation>off</max-renegotiation></SSLOptions>
<MaxSSLDuration>60</MaxSSLDuration>
<NumberOfRenegotiationAllowed>0</NumberOfRenegotiationAllowed>
<ProhibitResumeOnReneg>off</ProhibitResumeOnReneg>
<Compression>off</Compression>
<AllowLegacyRenegotiation>off</AllowLegacyRenegotiation>
<PreferServerCiphers>on</PreferServerCiphers>
<EllipticCurves>secp521r1</EllipticCurves>
<EllipticCurves>secp384r1</EllipticCurves>
<EllipticCurves>secp256k1</EllipticCurves>
<EllipticCurves>secp256r1</EllipticCurves></SSLServerProfile><HTTPSSourceProtocolHandler name="HTTPS_FSH" xmlns:env="http://www.w3.org/2003/05/soap-envelope" xmlns:dp="http://www.datapower.com/schemas/management">
<mAdminState>enabled</mAdminState>
<LocalAddress>0.0.0.0</LocalAddress>
<LocalPort>5856</LocalPort>
<HTTPVersion>HTTP/1.1</HTTPVersion>
<AllowedFeatures>
<HTTP-1.0>on</HTTP-1.0>
<HTTP-1.1>on</HTTP-1.1>
<HTTP-2.0>off</HTTP-2.0>
<POST>on</POST>
<GET>on</GET>
<PUT>on</PUT>
<HEAD>off</HEAD>
<OPTIONS>off</OPTIONS>
<TRACE>off</TRACE>
<DELETE>off</DELETE>
<CONNECT>off</CONNECT>
<CustomMethods>off</CustomMethods>
<QueryString>on</QueryString>
<FragmentIdentifiers>on</FragmentIdentifiers>
<DotDot>off</DotDot>
<CmdExe>off</CmdExe></AllowedFeatures>
<PersistentConnections>on</PersistentConnections>
<MaxPersistentConnectionsReuse>0</MaxPersistentConnectionsReuse>
<AllowCompression>off</AllowCompression>
<AllowWebSocketUpgrade>off</AllowWebSocketUpgrade>
<WebSocketIdleTimeout>0</WebSocketIdleTimeout>
<MaxURLLen>16384</MaxURLLen>
<MaxTotalHdrLen>128000</MaxTotalHdrLen>
<MaxHdrCount>0</MaxHdrCount>
<MaxNameHdrLen>0</MaxNameHdrLen>
<MaxValueHdrLen>0</MaxValueHdrLen>
<MaxQueryStringLen>0</MaxQueryStringLen>
<CredentialCharset>protocol</CredentialCharset>
<SSLServerConfigType>server</SSLServerConfigType>
<SSLServer class="SSLServerProfile">SSL_Server</SSLServer>
<HTTP2MaxStreams>100</HTTP2MaxStreams>
<HTTP2MaxFrameSize>16384</HTTP2MaxFrameSize>
<HTTP2StreamHeader>off</HTTP2StreamHeader></HTTPSSourceProtocolHandler><HTTPUserAgent name="User_Agent" xmlns:env="http://www.w3.org/2003/05/soap-envelope" xmlns:dp="http://www.datapower.com/schemas/management">
<mAdminState>enabled</mAdminState>
<MaxRedirects>8</MaxRedirects>
<Timeout>300</Timeout>
<BasicAuthPolicies>
<RegExp>ftp://*</RegExp>
<UserName>miracle</UserName>
<Password/>
<PasswordAlias class="PasswordAlias">pass</PasswordAlias></BasicAuthPolicies></HTTPUserAgent><XMLManager name="FTP_Details" xmlns:env="http://www.w3.org/2003/05/soap-envelope" xmlns:dp="http://www.datapower.com/schemas/management">
<mAdminState>enabled</mAdminState>
<CacheSize>256</CacheSize>
<SHA1Caching>on</SHA1Caching>
<StaticDocumentCalls>on</StaticDocumentCalls>
<SearchResults>on</SearchResults>
<SupportTxWarn>off</SupportTxWarn>
<Memoization>on</Memoization>
<ParserLimitsBytesScanned>4194304</ParserLimitsBytesScanned>
<ParserLimitsElementDepth>512</ParserLimitsElementDepth>
<ParserLimitsAttributeCount>128</ParserLimitsAttributeCount>
<ParserLimitsMaxNodeSize>33554432</ParserLimitsMaxNodeSize>
<ParserLimitsForbidExternalReferences>on</ParserLimitsForbidExternalReferences>
<ParserLimitsExternalReferences>forbid</ParserLimitsExternalReferences>
<ParserLimitsMaxPrefixes>1024</ParserLimitsMaxPrefixes>
<ParserLimitsMaxNamespaces>1024</ParserLimitsMaxNamespaces>
<ParserLimitsMaxLocalNames>60000</ParserLimitsMaxLocalNames>
<DocCacheMaxDocs>5000</DocCacheMaxDocs>
<DocCacheSize>0</DocCacheSize>
<DocMaxWrites>32768</DocMaxWrites>
<UserAgent class="HTTPUserAgent">User_Agent</UserAgent></XMLManager><Matching name="matchAll" xmlns:env="http://www.w3.org/2003/05/soap-envelope" xmlns:dp="http://www.datapower.com/schemas/management">
<mAdminState>enabled</mAdminState>
<MatchRules>
<Type>url</Type>
<HttpTag/>
<HttpValue/>
<Url>*</Url>
<ErrorCode/>
<XPATHExpression/>
<Method>default</Method>
<CustomMethod/></MatchRules>
<MatchWithPCRE>off</MatchWithPCRE>
<CombineWithOr>off</CombineWithOr></Matching><StylePolicyAction name="PUSHATTACHMENTFTPSUPPLIED_rule_0_xform_0" xmlns:env="http://www.w3.org/2003/05/soap-envelope" xmlns:dp="http://www.datapower.com/schemas/management">
<mAdminState>enabled</mAdminState>
<Type>xform</Type>
<Input>INPUT</Input>
<Transform>local:///attachprocessing.xsl</Transform>
<TransformLanguage>none</TransformLanguage>
<ActionDebug persisted="false">off</ActionDebug>
<Output>PIPE</Output>
<NamedInOutLocationType>default</NamedInOutLocationType>
<SSLClientConfigType>proxy</SSLClientConfigType>
<OutputType>default</OutputType>
<Transactional>off</Transactional>
<SOAPValidation>body</SOAPValidation>
<SQLSourceType>static</SQLSourceType>
<JWSVerifyStripSignature>on</JWSVerifyStripSignature>
<Asynchronous>off</Asynchronous>
<ResultsMode>first-available</ResultsMode>
<RetryCount>0</RetryCount>
<RetryInterval>1000</RetryInterval>
<MultipleOutputs>off</MultipleOutputs>
<IteratorType>XPATH</IteratorType>
<Timeout>0</Timeout>
<MethodRewriteType>GET</MethodRewriteType>
<MethodType>POST</MethodType>
<MethodType2>POST</MethodType2></StylePolicyAction><StylePolicyAction name="PUSHATTACHMENTFTPSUPPLIED_rule_0_xform_1" xmlns:env="http://www.w3.org/2003/05/soap-envelope" xmlns:dp="http://www.datapower.com/schemas/management">
<mAdminState>enabled</mAdminState>
<Type>xform</Type>
<Input>PIPE</Input>
<Transform>local:///acknowledgement.xsl</Transform>
<TransformLanguage>none</TransformLanguage>
<ActionDebug persisted="false">off</ActionDebug>
<Output>dpvar_1</Output>
<NamedInOutLocationType>default</NamedInOutLocationType>
<SSLClientConfigType>proxy</SSLClientConfigType>
<OutputType>default</OutputType>
<Transactional>off</Transactional>
<SOAPValidation>body</SOAPValidation>
<SQLSourceType>static</SQLSourceType>
<JWSVerifyStripSignature>on</JWSVerifyStripSignature>
<Asynchronous>off</Asynchronous>
<ResultsMode>first-available</ResultsMode>
<RetryCount>0</RetryCount>
<RetryInterval>1000</RetryInterval>
<MultipleOutputs>off</MultipleOutputs>
<IteratorType>XPATH</IteratorType>
<Timeout>0</Timeout>
<MethodRewriteType>GET</MethodRewriteType>
<MethodType>POST</MethodType>
<MethodType2>POST</MethodType2></StylePolicyAction><StylePolicyAction name="PUSHATTACHMENTFTPSUPPLIED_rule_0_setvar_0" xmlns:env="http://www.w3.org/2003/05/soap-envelope" xmlns:dp="http://www.datapower.com/schemas/management">
<mAdminState>enabled</mAdminState>
<Type>setvar</Type>
<Input>dpvar_1</Input>
<TransformLanguage>none</TransformLanguage>
<ActionDebug persisted="false">off</ActionDebug>
<NamedInOutLocationType>default</NamedInOutLocationType>
<Variable>var://service/mpgw/skip-backside</Variable>
<Value>1</Value>
<SSLClientConfigType>proxy</SSLClientConfigType>
<Transactional>off</Transactional>
<SOAPValidation>body</SOAPValidation>
<SQLSourceType>static</SQLSourceType>
<JWSVerifyStripSignature>on</JWSVerifyStripSignature>
<Asynchronous>off</Asynchronous>
<ResultsMode>first-available</ResultsMode>
<RetryCount>0</RetryCount>
<RetryInterval>1000</RetryInterval>
<MultipleOutputs>off</MultipleOutputs>
<IteratorType>XPATH</IteratorType>
<Timeout>0</Timeout>
<MethodRewriteType>GET</MethodRewriteType>
<MethodType>POST</MethodType>
<MethodType2>POST</MethodType2></StylePolicyAction><StylePolicyAction name="PUSHATTACHMENTFTPSUPPLIED_rule_0_results_0" xmlns:env="http://www.w3.org/2003/05/soap-envelope" xmlns:dp="http://www.datapower.com/schemas/management">
<mAdminState>enabled</mAdminState>
<Type>results</Type>
<Input>dpvar_1</Input>
<TransformLanguage>none</TransformLanguage>
<ActionDebug persisted="false">off</ActionDebug>
<NamedInOutLocationType>default</NamedInOutLocationType>
<SSLClientConfigType>proxy</SSLClientConfigType>
<OutputType>default</OutputType>
<Transactional>off</Transactional>
<SOAPValidation>body</SOAPValidation>
<SQLSourceType>static</SQLSourceType>
<JWSVerifyStripSignature>on</JWSVerifyStripSignature>
<Asynchronous>off</Asynchronous>
<ResultsMode>first-available</ResultsMode>
<RetryCount>0</RetryCount>
<RetryInterval>1000</RetryInterval>
<MultipleOutputs>off</MultipleOutputs>
<IteratorType>XPATH</IteratorType>
<Timeout>0</Timeout>
<MethodRewriteType>GET</MethodRewriteType>
<MethodType>POST</MethodType>
<MethodType2>POST</MethodType2></StylePolicyAction><StylePolicyRule name="PUSHATTACHMENTFTPSUPPLIED_rule_0" xmlns:env="http://www.w3.org/2003/05/soap-envelope" xmlns:dp="http://www.datapower.com/schemas/management">
<mAdminState>enabled</mAdminState>
<Direction>request-rule</Direction>
<InputFormat>none</InputFormat>
<OutputFormat>none</OutputFormat>
<NonXMLProcessing>on</NonXMLProcessing>
<Unprocessed>off</Unprocessed>
<Actions class="StylePolicyAction">PUSHATTACHMENTFTPSUPPLIED_rule_0_xform_0</Actions>
<Actions class="StylePolicyAction">PUSHATTACHMENTFTPSUPPLIED_rule_0_xform_1</Actions>
<Actions class="StylePolicyAction">PUSHATTACHMENTFTPSUPPLIED_rule_0_setvar_0</Actions>
<Actions class="StylePolicyAction">PUSHATTACHMENTFTPSUPPLIED_rule_0_results_0</Actions></StylePolicyRule><StylePolicy name="PUSHATTACHMENTFTPSUPPLIED" xmlns:env="http://www.w3.org/2003/05/soap-envelope" xmlns:dp="http://www.datapower.com/schemas/management">
<mAdminState>enabled</mAdminState>
<DefStylesheetForSoap>store:///filter-reject-all.xsl</DefStylesheetForSoap>
<DefStylesheetForXsl>store:///identity.xsl</DefStylesheetForXsl>
<DefXQueryForJSON>store:///reject-all-json.xq</DefXQueryForJSON>
<PolicyMaps>
<Match class="Matching">matchAll</Match>
<Rule class="StylePolicyRule">PUSHATTACHMENTFTPSUPPLIED_rule_0</Rule></PolicyMaps></StylePolicy><PolicyAttachments name="PUSHATTACHMENTFTPSUPPLIED" xmlns:env="http://www.w3.org/2003/05/soap-envelope" xmlns:dp="http://www.datapower.com/schemas/management">
<mAdminState>enabled</mAdminState>
<EnforcementMode>enforce</EnforcementMode>
<PolicyReferences>on</PolicyReferences>
<SLAEnforcementMode>allow-if-no-sla</SLAEnforcementMode></PolicyAttachments><MultiProtocolGateway name="PUSHATTACHMENTFTPSUPPLIED" xmlns:env="http://www.w3.org/2003/05/soap-envelope" xmlns:dp="http://www.datapower.com/schemas/management">
<mAdminState>enabled</mAdminState>
<Priority>normal</Priority>
<FrontProtocol class="HTTPSSourceProtocolHandler">HTTPS_FSH</FrontProtocol>
<XMLManager class="XMLManager">FTP_Details</XMLManager>
<SSLClientConfigType>proxy</SSLClientConfigType>
<DefaultParamNamespace>http://www.datapower.com/param/config</DefaultParamNamespace>
<QueryParamNamespace>http://www.datapower.com/param/query</QueryParamNamespace>
<BackendUrl>ftp://172.17.13.135/Ashok</BackendUrl>
<PropagateURI>on</PropagateURI>
<MonitorProcessingPolicy>terminate-at-first-throttle</MonitorProcessingPolicy>
<RequestAttachments>strip</RequestAttachments>
<ResponseAttachments>strip</ResponseAttachments>
<RequestAttachmentsFlowControl>off</RequestAttachmentsFlowControl>
<ResponseAttachmentsFlowControl>off</ResponseAttachmentsFlowControl>
<RootPartNotFirstAction>process-in-order</RootPartNotFirstAction>
<FrontAttachmentFormat>mime</FrontAttachmentFormat>
<BackAttachmentFormat>mime</BackAttachmentFormat>
<MIMEFrontHeaders>on</MIMEFrontHeaders>
<MIMEBackHeaders>on</MIMEBackHeaders>
<StreamOutputToBack>stream-until-infraction</StreamOutputToBack>
<StreamOutputToFront>stream-until-infraction</StreamOutputToFront>
<MaxMessageSize>0</MaxMessageSize>
<GatewayParserLimits>off</GatewayParserLimits>
<ParserLimitsElementDepth>512</ParserLimitsElementDepth>
<ParserLimitsAttributeCount>128</ParserLimitsAttributeCount>
<ParserLimitsMaxNodeSize>33554432</ParserLimitsMaxNodeSize>
<ParserLimitsForbidExternalReferences>on</ParserLimitsForbidExternalReferences>
<ParserLimitsExternalReferences>forbid</ParserLimitsExternalReferences>
<ParserLimitsMaxPrefixes>1024</ParserLimitsMaxPrefixes>
<ParserLimitsMaxNamespaces>1024</ParserLimitsMaxNamespaces>
<ParserLimitsMaxLocalNames>60000</ParserLimitsMaxLocalNames>
<ParserLimitsAttachmentByteCount>2000000000</ParserLimitsAttachmentByteCount>
<ParserLimitsAttachmentPackageByteCount>0</ParserLimitsAttachmentPackageByteCount>
<DebugMode persisted="false">on</DebugMode>
<DebuggerType>internal</DebuggerType>
<DebugHistory>25</DebugHistory>
<FlowControl>off</FlowControl>
<SOAPSchemaURL>store:///schemas/soap-envelope.xsd</SOAPSchemaURL>
<FrontTimeout>120</FrontTimeout>
<BackTimeout>120</BackTimeout>
<FrontPersistentTimeout>180</FrontPersistentTimeout>
<BackPersistentTimeout>180</BackPersistentTimeout>
<IncludeResponseTypeEncoding>off</IncludeResponseTypeEncoding>
<BackHTTPVersion>HTTP/1.1</BackHTTPVersion>
<PersistentConnections>on</PersistentConnections>
<LoopDetection>off</LoopDetection>
<DoHostRewriting>on</DoHostRewriting>
<DoChunkedUpload>off</DoChunkedUpload>
<ProcessHTTPErrors>on</ProcessHTTPErrors>
<HTTPClientIPLabel>X-Client-IP</HTTPClientIPLabel>
<HTTPLogCorIDLabel>X-Global-Transaction-ID</HTTPLogCorIDLabel>
<InOrderMode>
<Request>off</Request>
<Backend>off</Backend>
<Response>off</Response></InOrderMode>
<WSAMode>sync2sync</WSAMode>
<WSARequireAAA>on</WSARequireAAA>
<WSAStrip>on</WSAStrip>
<WSADefaultReplyTo>http://schemas.xmlsoap.org/ws/2004/08/addressing/role/anonymous</WSADefaultReplyTo>
<WSADefaultFaultTo>http://schemas.xmlsoap.org/ws/2004/08/addressing/role/anonymous</WSADefaultFaultTo>
<WSAForce>off</WSAForce>
<WSAGenStyle>sync</WSAGenStyle>
<WSAHTTPAsyncResponseCode>204</WSAHTTPAsyncResponseCode>
<WSATimeout>120</WSATimeout>
<WSRMEnabled>off</WSRMEnabled>
<WSRMSequenceExpiration>3600</WSRMSequenceExpiration>
<WSRMDestinationAcceptCreateSequence>on</WSRMDestinationAcceptCreateSequence>
<WSRMDestinationMaximumSequences>400</WSRMDestinationMaximumSequences>
<WSRMDestinationInOrder>off</WSRMDestinationInOrder>
<WSRMDestinationMaximumInOrderQueueLength>10</WSRMDestinationMaximumInOrderQueueLength>
<WSRMDestinationAcceptOffers>off</WSRMDestinationAcceptOffers>
<WSRMFrontForce>off</WSRMFrontForce>
<WSRMBackForce>off</WSRMBackForce>
<WSRMBackCreateSequence>off</WSRMBackCreateSequence>
<WSRMFrontCreateSequence>off</WSRMFrontCreateSequence>
<WSRMSourceMakeOffer>off</WSRMSourceMakeOffer>
<WSRMUsesSequenceSSL>off</WSRMUsesSequenceSSL>
<WSRMSourceMaximumSequences>400</WSRMSourceMaximumSequences>
<WSRMSourceRetransmissionInterval>10</WSRMSourceRetransmissionInterval>
<WSRMSourceExponentialBackoff>on</WSRMSourceExponentialBackoff>
<WSRMSourceMaximumRetransmissions>4</WSRMSourceMaximumRetransmissions>
<WSRMSourceMaximumQueueLength>30</WSRMSourceMaximumQueueLength>
<WSRMSourceRequestAckCount>1</WSRMSourceRequestAckCount>
<WSRMSourceInactivityClose>360</WSRMSourceInactivityClose>
<ForcePolicyExec>off</ForcePolicyExec>
<RewriteErrors>on</RewriteErrors>
<DelayErrors>on</DelayErrors>
<DelayErrorsDuration>1000</DelayErrorsDuration>
<RequestType>soap</RequestType>
<ResponseType>soap</ResponseType>
<FollowRedirects>on</FollowRedirects>
<RewriteLocationHeader>off</RewriteLocationHeader>
<StylePolicy class="StylePolicy">PUSHATTACHMENTFTPSUPPLIED</StylePolicy>
<Type>dynamic-backend</Type>
<AllowCompression>off</AllowCompression>
<AllowCacheControlHeader>off</AllowCacheControlHeader>
<PolicyAttachments class="PolicyAttachments">PUSHATTACHMENTFTPSUPPLIED</PolicyAttachments>
<GeneratedPolicies class="GeneratedPolicy">__gp_1569217161_0022</GeneratedPolicies>
<WSMAgentMonitor>off</WSMAgentMonitor>
<WSMAgentMonitorPCM>all-messages</WSMAgentMonitorPCM>
<ProxyHTTPResponse>off</ProxyHTTPResponse></MultiProtocolGateway></configuration><files><file name="cert:///Https-privkey.pem" src="cert/Https-privkey.pem" location="cert" key="true"/><file name="cert:///Https-sscert.pem" src="cert/Https-sscert.pem" location="cert" key="true"/><file name="local:///attachprocessing.xsl" src="local/attachprocessing.xsl" location="local" hash="z2PtF2kjkNPpcVeCBdRCsvciaOg="/><file name="local:///acknowledgement.xsl" src="local/acknowledgement.xsl" location="local" hash="z3sTDmraQCBfrEu9y0bwNzRbh6g="/><file name="webgui:///clixform.xsl" src="dp-aux/clixform.xsl" location="dp-aux" internal="true" hash="z88GylOQLrNlrViHwUhaAtq9Cic="/><file name="webgui:///SchemaUtil.xsl" src="dp-aux/SchemaUtil.xsl" location="dp-aux" internal="true" hash="YWjVARwxJCW3zkIbcgQw2UJL1kM="/><file name="webgui:///management.xsl" src="dp-aux/management.xsl" location="dp-aux" internal="true" hash="jaVBcAZOZmnnAJfQcSbjdqhK1ks="/><file name="webgui:///map-dmz.xsl" src="dp-aux/map-dmz.xsl" location="dp-aux" internal="true" hash="n00B2bmGoH6OdSOW1QRz/SNVbYc="/><file name="webgui:///drMgmt.xml" src="dp-aux/drMgmt.xml" location="dp-aux" internal="true" hash="pTsGBVJ0yEtgVxqXgYfcPDfnjgE="/><file name="webgui:///basetypes.xml" src="dp-aux/basetypes.xml" location="dp-aux" internal="true" hash="UkIc6sKzykqNpmVlsHF89TLn2Qo="/></files></datapower-configuration>