<datapower-configuration version="3"><export-details><description>Exported Configuration</description><user>admin</user><domain>default</domain><comment/><product-id>5725</product-id><product>IDG</product><display-product>IDG</display-product><model>IBM DataPower Gateway</model><display-model>IBM DataPower Gateway</display-model><device-name>172.17.13.77:9090</device-name><serial-number>0000000</serial-number><firmware-version>IDG.7.5.0.0</firmware-version><display-firmware-version>IDG.7.5.0.0</display-firmware-version><firmware-build>274960</firmware-build><firmware-timestamp>2016/03/11 15:09:45</firmware-timestamp><current-date>2019-09-23</current-date><current-time>06:17:59 EDT</current-time><reset-date>2019-09-23</reset-date><reset-time>01:38:39 EDT</reset-time><login-message/><custom-ui-file/></export-details><interface-data><interface name="eth0" type="Ethernet" vers="ipv4" ip-addr="172.17.13.77"/><interface name="eth1" type="Ethernet" vers="ipv4" ip-addr="172.17.13.105"/><interface name="eth2" type="Ethernet" vers="ipv4" ip-addr="172.17.13.109"/><interface name="eth3" type="Ethernet" vers="ipv4" ip-addr="172.17.13.151"/></interface-data><configuration><Domain name="MTOM" xmlns:dp="http://www.datapower.com/schemas/management" xmlns:env="http://www.w3.org/2003/05/soap-envelope">
<mAdminState>enabled</mAdminState>
<BaseDir>MTOM:</BaseDir>
<BaseDir>local:</BaseDir>
<ConfigFile>MTOM.cfg</ConfigFile>
<NeighborDomain class="Domain">default</NeighborDomain>
<URLMap>
<http>on</http>
<https>on</https>
<snmp>off</snmp>
<ftp>off</ftp>
<mailto>off</mailto>
<mq>off</mq></URLMap>
<FileMap>
<CopyFrom>on</CopyFrom>
<CopyTo>on</CopyTo>
<Delete>on</Delete>
<Display>on</Display>
<Exec>on</Exec>
<Subdir>on</Subdir></FileMap>
<MonitoringMap>
<Audit>off</Audit>
<Log>off</Log></MonitoringMap>
<ConfigMode>local</ConfigMode>
<ImportFormat>ZIP</ImportFormat>
<LocalIPRewrite>on</LocalIPRewrite>
<MaxChkpoints>3</MaxChkpoints></Domain></configuration><domains><domain name="MTOM"/></domains></datapower-configuration>